,tips
1,Leotiomycetes_sp.
2,Pseudogymnoascus_sp.
3,Pseudogymnoascus_verrucosus
4,Pseudogymnoascus_sp.
5,Pseudogymnoascus_destructans
6,Pseudogymnoascus_sp.
7,Pseudogymnoascus_sp.
8,Pseudogymnoascus_sp.
9,Pseudogymnoascus_sp.
10,Cadophora_sp.
11,Leptodontidium_sp.
12,Rhexocercosporidium_sp.
13,Cadophora_sp.
14,Leotiomycetes_sp.
15,Cadophora_malorum
16,Rhynchosporium_commune
17,Rhynchosporium_secalis
18,Rhynchosporium_agropyri
19,Marssonina_brunnea
20,Phialocephala_subalpina
21,Acema1
22,Phialocephala_scopiformis
23,Chalara_longipes
24,Meliniomyces_variabilis
25,Meliniomyces_bicolor
26,Rhizoscyphus_ericae
27,Parauncinula_polyspora
28,Erysiphe_necator
29,Erysiphe_pulchra
30,Oidium_neolycopersici
31,Golovinomyces_cichoracearum
32,Golovinomyces_cichoracearum
33,Blumeria_graminis
34,Blumeria_graminis
35,Blumeria_graminis
36,Ascocoryne_sarcoides
37,Glarea_lozoyensis
38,Amylocarpus_encephaloides
39,Zalerion_varium
40,Oidiodendron_maius
41,Amorphotheca_resinae
42,Calycina_marina
43,Botrytis_cinerea
44,Botrytis_cinerea
45,Sclerotinia_sclerotiorum
46,Sclerotinia_borealis
47,Trichoderma_guizhouense
48,Trichoderma_harzianum
49,Trichoderma_harzianum
50,Trichoderma_atrobrunneum
51,Trichoderma_pleuroti
52,Trichoderma_virens
53,Trichoderma_citrinoviride
54,Trichoderma_reesei
55,Trichoderma_reesei
56,Trichoderma_reesei
57,Trichoderma_reesei
58,Trichoderma_parareesei
59,Trichoderma_longibrachiatum
60,Trichoderma_arundinaceum
61,Trichoderma_brevicompactum
62,Trichoderma_asperelloides
63,Trichoderma_asperelloides
64,Trichoderma_asperellum
65,Trichoderma_hamatum
66,Trichoderma_gamsii
67,Trichoderma_atroviride
68,Hypomyces_perniciosus
69,Escovopsis_weberi
70,Hypomyces_rosellus
71,Cordyceps_militaris
72,Isaria_fumosorosea
73,Beauveria_brongniartii
74,Beauveria_bassiana
75,Lecanicillium_lecanii
76,Torrubiella_hemipterigena
77,Tolypocladium_paradoxum
78,Tolypocladium_inflatum
79,Tolypocladium_ophioglossoides
80,Tolypocladium_capitatum
81,Drechmeria_coniospora
82,Purpureocillium_lilacinum
83,Ophiocordyceps_camponoti-rufipedis
84,Ophiocordyceps_kimflemingae
85,Cordyceps_sp.
86,Hirsutella_minnesotensis
87,Ophiocordyceps_sinensis
88,Ophiocordyceps_australis
89,Metarhizium_brunneum
90,Metarhizium_robertsii
91,Metarhizium_anisopliae
92,Metarhizium_majus
93,Metarhizium_guizhouense
94,Metarhizium_acridum
95,Metarhizium_album
96,Metarhizium_rileyi
97,Pochonia_chlamydosporia
98,Moelleriella_libera
99,Ustilaginoidea_virens
100,Claviceps_purpurea
101,Stachybotrys_chartarum
102,Stachybotrys_chlorohalonata
103,Stachybotrys_elegans
104,Acremonium_chrysogenum
105,Emericellopsis_sp.
106,Clonostachys_rosea
107,Ilyonectria_sp.
108,Ilyonectria_sp.
109,Ilyonectria_europaea
110,Dactylonectria_estremocensis
111,Dactylonectria_macrodidyma
112,Neonectria_ditissima
113,Cylindrocarpon_olidum
114,Fusarium_culmorum
115,Fusarium_graminearum
116,Fusarium_pseudograminearum
117,Fusarium_venenatum
118,Fusarium_poae
119,Fusarium_langsethiae
120,Fusarium_sp.
121,Fusarium_tricinctum
122,Fusarium_avenaceum
123,FoxFo5176
124,Fusarium_oxysporum
125,FoxII5
126,Fusarium_oxysporum
127,Fusarium_oxysporum
128,Fusarium_oxysporum
129,Fusarium_oxysporum
130,Fusarium_oxysporum
131,Fusarium_oxysporum
132,Fusarium_oxysporum
133,Fusarium_oxysporum
134,Fusarium_oxysporum
135,Fusarium_oxysporum
136,Fusarium_oxysporum
137,Fusarium_oxysporum_2
138,Fusarium_oxysporum
139,Fusarium_oxysporum
140,Fusarium_commune
141,Fusarium_redolens
142,Fusarium_fujikuroi
143,Fusarium_proliferatum
144,Fusarium_proliferatum
145,Fusarium_mangiferae
146,Fusarium_verticillioides
147,Fusarium_vanettenii
148,Fusarium_solani
149,Lomentospora_prolificans
150,Scedosporium_apiospermum
151,Thielaviopsis_punctulata
152,Colletotrichum_nymphaeae
153,Colletotrichum_simmondsii
154,Colletotrichum_fioriniae
155,Colletotrichum_salicis
156,Colletotrichum_orchidophilum
157,Colletotrichum_incanum
158,Colletotrichum_tofieldiae
159,Colletotrichum_higginsianum
160,Colletotrichum_graminicola
161,Colletotrichum_sublineola
162,Colletotrichum_chlorophyti
163,Colletotrichum_orbiculare
164,Colletotrichum_gloeosporioides
165,Verticillium_dahliae
166,Verticillium_dahliae
167,Verticillium_longisporum
168,Verticillium_alfalfae
169,Plectosphaerella_cucumerina
170,Sodiomyces_alkalinus
171,Diaporthe_ampelina
172,Diaporthe_helianthi
173,Valsa_mali
174,Cryphonectria_parasitica
175,Phaeoacremonium_aleophilum
176,Gaeumannomyces_graminis
177,Magnaporthiopsis_poae
178,Pyricularia_oryzae
179,Ophiostoma_novo-ulmi
180,Ophiostoma_piceae
181,Ophiostoma_piceae
182,Sporothrix_brasiliensis
183,Sporothrix_schenckii
184,Sporothrix_insectorum
185,Grosmannia_clavigera
186,Coniochaeta_ligniaria
187,Coniochaeta_ligniaria
188,Coniochaeta_sp.
189,Phialemonium_atrogriseum
190,Canariomyces_arenarius
191,Madurella_mycetomatis
192,Achaetomium_strumarium
193,Achaetomium_macrosporum
194,Thielavia_terrestris
195,Myceliophthora_thermophila
196,Corynascus_novoguineensis
197,Chaetomium_globosum
198,Chaetomium_tenue
199,Chaetomidium_fimeti
200,Chaetomium_sp.
201,Corynascella_inaequalis
202,Chaetomium_funicola
203,Chaetomium_funicola
204,Staphylotrichum_longicolle
205,Chaetomidium_leptoderma
206,Parathielavia_hyrcaniae
207,Parathielavia_appendiculata
208,Chaetomium_thermophilum
209,Trichocladium_griseum
210,Trichocladium_antarcticum
211,Cercophora_samala
212,Podospora_anserina
213,Podospora_setosa
214,Apiosordaria_verruculosa
215,Apiosordaria_backusii
216,Podospora_australis
217,Podospora_fimiseda
218,Cladorrhinum_sp.
219,Cladorrhinum_sp.
220,Cladorrhinum_samala
221,Copromyces_sp.
222,Pseudoneurospora_amorphoporcata
223,Sorhu1
224,Sordaria_macrospora
225,Neurospora_hispaniola
226,Neurospora_tetrasperma
227,Neurospora_tetrasperma
228,Neurospora_crassa
229,Neurospora_crassa
230,Neurospora_crassa
231,Neurospora_tetraspora
232,Sordaria_brevicollis
233,Lasiosphaeria_ovina
234,Lasiosphaeria_miniovina
235,Podospora_didyma
236,Cercophora_newfieldiana
237,Podospora_aff.
238,Cercophora_caudata
239,Arnium
240,Podospora_tetraspora
241,Schizothecium_vesticola
242,Schizothecium_conicum
243,Lasiosphaeris_hirsuta
244,Lasiosphaeris_hispida
245,Apodospora_peruviana
246,Podospora_decipiens
247,Cercophora_scortea
248,Podospora_appendiculata
249,Bombardia_bombarda
250,Diplogelasinospora_grovesii
251,Xylaria_palmicola
252,Xylaria_longipes
253,Xylaria_acuta
254,Xylaria_curta
255,Xylaria_scruposa
256,Xylaria_flabelliformis
257,Xylaria_cubensis
258,Xylaria_cf.
259,Xylaria_telfairii
260,Xylaria_cf.
261,Astrocystis_sublimbata
262,Nemania_serpens
263,Nemania_serpens
264,Nemania_serpens
265,Nemania_sp.
266,Nemania_sp.
267,Hypoxylon_argillaceum
268,Nemania_diffusa
269,Nemania_sp.
270,Nemania_abortiva
271,Rosellinia_necatrix
272,Xylaria_sp.
273,Xylaria_sp.
274,Xylaria_sp.
275,Xylaria_sp.
276,Xylaria_venustula
277,Xylaria_arbuscula
278,Xylaria_arbuscula
279,Xylaria_bambusicola
280,Kretzschmaria_deusta
281,Kretzschmaria_deusta
282,Xylaria_sp.
283,Xylaria_digitata
284,Xylaria_grammica
285,Xylaria_intraflava
286,Xylaria_sp.
287,Xylaria_nigripes
288,Poronia_punctata
289,Xylariaceae_sp.
290,Xylariaceae_sp.
291,Xylariaceae_sp.
292,Xylariaceae_sp.
293,Xylariaceae_sp.
294,Xylariaceae_sp.
295,Xylariaceae_sp.
296,Xylariaceae_sp.
297,Xylariomycetidae_sp.
298,Biscogniauxia_marginata
299,Biscogniauxia_mediterranea
300,Biscogniauxia_mediterranea
301,Biscogniauxia_sp.
302,Camillea_tinctor
303,Xylariomycetidae_sp.
304,Annulohypoxylon_stygium
305,Annulohypoxylon_nitens
306,Rostrohypoxylon_terebratum
307,Annulohypoxylon_moriforme
308,Annulohypoxylon_truncatum
309,Annulohypoxylon_maeteangense
310,Annulohypoxylon_bovei
311,Annulohypoxylon_minutellum
312,Hypoxylon_sp.
313,Hypoxylon_sp.
314,Hypoxylon_sp.
315,Hypoxylon_sp.
316,Hypoxylon_sp.
317,Hypoxylon_sp.
318,Hypoxylon_trugodes
319,Hypoxylon_sp.
320,Hypoxylon_monticulosum
321,Hypoxylon_submonticulosum
322,Daldinia_grandis
323,Daldinia_loculata
324,Daldinia_loculata
325,Daldinia_decipiens
326,Daldinia_vernicosa
327,Daldinia_sp.
328,Daldinia_eschscholtzii
329,Daldinia_eschscholtzii
330,Daldinia_caldariorum
331,Daldinia_bambusicola
332,Hypoxylon_rubiginosum
333,Hypoxylon_sp.
334,Hypoxylon_cercidicola
335,Hypoxylon_rubiginosum
336,Hypoxylon_sp.
337,Hypoxylon_fuscum
338,Hypoxylon_crocopeplum
339,Hypoxylon_sp.
340,Hypoxylon_fragiforme
341,Durotheca_rogersii
342,Whalleya_microplaca
343,Xylariaceae_sp.
344,Eutypa_lata
345,Microdochium_bolleyi
346,Microdochium_trichocladiopsis
347,Pseudomassariella_vexata
348,Xylariales_sp.
349,Pestalotiopsis_sp.
350,Pestalotiopsis_fici
351,Truncatella_angustata
352,Umbilicaria_pustulata
353,Cladonia_grayi
354,Dibaeis_baeomyces
355,Graphis_scripta
356,Acarospora_strigata
357,Endocarpon_pusillum
358,Endocarpon_pallidulum
359,Exophiala_mesophila
360,Exophiala_aquamarina
361,Rhinocladiella_mackenziei
362,Fonsecaea_pedrosoi
363,Fonsecaea_monophora
364,Fonsecaea_nubica
365,Cladophialophora_immunda
366,Fonsecaea_erecta
367,Fonsecaea_multimorphosa
368,Cladophialophora_psammophila
369,Cladophialophora_bantiana
370,Cladophialophora_carrionii
371,Cladophialophora_yegresii
372,Capronia_semiimmersa
373,Exophiala_spinifera
374,Exophiala_oligosperma
375,Exophiala_xenobiotica
376,Exophiala_sideris
377,Capronia_epimyces
378,Capronia_coronata
379,Exophiala_dermatitidis
380,Phialophora_attae
381,Cyphellophora_europaea
382,Phaeomoniella_chlamydospora
383,Penicillium_digitatum
384,Penicillium_digitatum
385,Penicillium_italicum
386,Penicillium_expansum
387,Penicillium_solitum
388,Penicillium_camemberti
389,Penicillium_biforme
390,Penicillium_solitum
391,Penicillium_freii
392,Penicillium_polonicum
393,Penicillium_nordicum
394,Penicillium_thymicola
395,Penicillium_roqueforti
396,Penicillium_vulpinum
397,Penicillium_coprophilum
398,Penicillium_griseofulvum
399,Penicillium_chrysogenum
400,Penicillium_chrysogenum
401,Penicillium_flavigenum
402,Penicillium_nalgiovense
403,Penicillium_brevicompactum
404,Penicillium_antarcticum
405,Penicillium_arizonense
406,Penicillium_oxalicum
407,Penicillium_brasilianum
408,Penicillium_subrubescens
409,Penicillium_steckii
410,Penicillium_decumbens
411,Penicillium_cvjetkovicii
412,Aspeuc1
413,Aspneo1
414,Aspcos1
415,Aspergillus_tubingensis
416,Aspergillus_luchuensis
417,Aspvad1
418,Asppip1
419,Aspergillus_kawachii
420,Aspergillus_niger
421,Aspergillus_niger
422,Aspergillus_niger
423,Asplac1
424,Aspergillus_niger
425,Aspergillus_niger
426,Aspergillus_welwitschiae
427,Aspergillus_brasiliensis
428,Aspscl1
429,Aspergillus_carbonarius
430,Aspscle1
431,Aspibe1
432,Aspell1
433,Asphet1
434,Aspjap1
435,Aspvio1
436,Aspind1
437,Aspuva1
438,Aspfij1
439,Aspacu1
440,Aspbru1
441,Aspergillus_aculeatus
442,Aspsac1
443,Asphom1
444,Aspergillus_nidulans
445,Aspergillus_sydowii
446,Aspergillus_versicolor
447,Aspergillus_calidoustus
448,Aspergillus_ochraceoroseus
449,Aspergillus_rambellii
450,Aspergillus_ochraceoroseus
451,Aspergillus_flavus
452,Aspergillus_flavus
453,Aspergillus_parvisclerotigenus
454,Aspergillus_oryzae
455,Aspergillus_minisclerotigenes
456,Aspergillus_parasiticus
457,Aspergillus_transmontanensis
458,Aspergillus_sergii
459,Aspergillus_arachidicola
460,Aspergillus_novoparasiticus
461,Aspergillus_pseudocaelatus
462,Aspergillus_caelatus
463,Aspergillus_pseudotamarii
464,Aspergillus_tamarii
465,Aspergillus_nomius
466,Aspergillus_pseudonomius
467,Aspergillus_nomius3137_1
468,Aspergillus_bombycis
469,Aspergillus_bertholletius
470,Aspergillus_alliaceus
471,Aspergillus_albertensis
472,Aspergillus_coremiiformis
473,Aspergillus_leporis
474,Aspergillus_avenaceus
475,Aspergillus_steynii
476,Aspergillus_terreus
477,Asppseute1
478,Aspergillus_candidus
479,Aspergillus_campestris
480,Aspergillus_taichungensis
481,Neosartorya_fischeri
482,Aspergillus_fumigatus
483,Aspergillus_fumigatus
484,Aspergillus_novofumigatus
485,Aspergillus_udagawae
486,Aspergillus_clavatus
487,Aspergillus_glaucus
488,Eurotium_rubrum
489,Aspergillus_cristatus
490,Aspergillus_wentii
491,Aspergillus_zonatus
492,Paecilomyces_variotii
493,Paecilomyces_variotii
494,Byssochlamys_spectabilis
495,Paecilomyces_niveus
496,Talaromyces_marneffei
497,Penicillium_occitanis
498,Talaromyces_stipitatus
499,Talaromyces_borbonicus
500,Talaromyces_atroroseus
501,Talaromyces_islandicus
502,Thermomyces_lanuginosus
503,Elaphomyces_granulatus
504,Blastomyces_dermatitidis
505,Blastomyces_dermatitidis
506,Blastomyces_percursus
507,Emmonsia_parva
508,Histoplasma_capsulatum
509,Emergomyces_pasteurianus
510,Emmonsia_crescens
511,Paracoccidioides_brasiliensis
512,Paracoccidioides_brasiliensis
513,Paracoccidioides_lutzii
514,Helicocarpus_griseus
515,Polytolypa_hystricis
516,Trichophyton_equinum
517,Trichophyton_tonsurans
518,Trichophyton_mentagrophytes
519,Trichophyton_interdigitale
520,Trichophyton_verrucosum
521,Arthroderma_benhamiae
522,Trichophyton_soudanense
523,Trichophyton_rubrum
524,Trichophyton_violaceum
525,Nannizzia_gypsea
526,Microsporum_canis
527,Coccidioides_posadasii
528,Coccidioides_posadasii
529,Coccidioides_immitis
530,Uncinocarpus_reesii
531,Xylona_heveae
532,Clavariopsis_aquatica
533,Pleomassaria_siparia
534,Melanomma_pulvis-pyrius
535,Maseb1
536,Byssothecium_circinans
537,Perma1
538,Paraconiothyrium_sporulosum
539,Karstenula_rhodostoma
540,Bimnz1
541,Lentithecium_fluviatile
542,Trematosphaeria_pertusa
543,Alternaria_alternata
544,Alternaria_alternata
545,Alternaria_brassicicola
546,Alternaria_rosae
547,Cochliobolus_carbonum
548,Cochliobolus_victoriae
549,Cochliobolus_miyabeanus
550,Cochliobolus_heterostrophus
551,Cochliobolus_sativus
552,Cochliobolus_lunatus
553,Setosphaeria_turcica
554,Stemphylium_lycopersici
555,Pyrenophora_tritici-repentis
556,Pyrenophora_teres
557,Decga1
558,Clathrospora_elynae
559,Leptosphaeria_maculans
560,Phoma_tracheiphila
561,Pyrenochaeta_sp.
562,Pyrenochaeta_lycopersici
563,Cucurbitaria_berberidis
564,Ophiobolus_disseminans
565,Stagonospora_sp.
566,Phaeosphaeria_poagena
567,Ampelomyces_quisqualis
568,Stagonospora_nodorum
569,Setho1
570,Paraphoma_chrysanthemicola
571,Paraphoma_chrysanthemicola
572,Didymella_zeae-maydis
573,Didymella_exigua
574,Boeremia_exigua
575,Macroventuria_anomochaeta
576,Lizem1
577,Ascochyta_rabiei
578,Dothidotthia_symphoricarpi
579,Corynespora_cassiicola
580,Lophiostoma_macrostomum
581,Westerdykella_ornata
582,Sporormia_fimetaria
583,Dendryphion_nanum
584,Aaosphaeria_arxii
585,Lophiotrema_nucula
586,Polyplosphaeria_fusca
587,Verruculina_enalia
588,Amniculicola_lignicola
589,Clohesyomyces_aquaticus
590,Linin1
591,Zopfia_rhizophila
592,Delitschia_confertaspora
593,Rhytidhysteron_rufulum
594,Hysterium_pulicare
595,Lepidopterella_palustris
596,Mytre1
597,Lophium_mytilinum
598,Glonium_stellatum
599,Cenococcum_geophilum
600,Pseudovirgaria_hyperparasitica
601,Phyllosticta_sp.
602,Phyllosticta_paracitricarpa
603,Phyllosticta_citricarpa
604,Phyllosticta_citriasiana
605,Phyllosticta_citrichinaensis
606,Phyllosticta_citrichinaensis
607,Phyllosticta_citribraziliensis
608,Phyllosticta_capitalensis
609,Macrophomina_phaseolina
610,Macrophomina_phaseolina
611,Botryosphaeria_dothidea
612,Diplodia_seriata
613,Neofusicoccum_parvum
614,Aplosporella_prunicola
615,Saccharata_proteae
616,Coniosporium_apollinis
617,Patellaria_atrata
618,Tothia_fuscella
619,Venturia_effusa
620,Venturia_pirina
621,Venturia_inaequalis
622,Verruconis_gallopava
623,Tribi1
624,Micmi1
625,Erebi1
626,Rhili1
627,Aulographum_hederae
628,Lineolata_rhizophorae
629,Septoria_populicola
630,Septoria_musiva
631,Cercospora_berteroae
632,Cercospora_zeae-maydis
633,Pseudocercospora_musae
634,Mycosphaerella_eumusae
635,Mycosphaerella
636,Cladosporium_fulvum
637,Dothistroma_septosporum
638,Zasmidium_cellare
639,Zymoseptoria_brevis
640,Zymoseptoria_pseudotritici
641,Zymoseptoria_ardabiliae
642,Mycosphaerella_graminicola
643,Dissoconium_aciculare
644,Acidomyces_richmondensis
645,Acidomyces_richmondensis
646,Piedraia_hortae
647,Teratosphaeria_nubilosa
648,Hortaea_thailandica
649,Hortaea_werneckii
650,Baudoinia_compniacensis
651,Friedmanniomyces_endolithicus
652,Friedmanniomyces_simplex
653,Hortaea_acidophila
654,Rachicladosporium_antarcticum
655,Rachicladosporium_sp.
656,Cladosporium_sphaerospermum
657,Polychaeton_citri
658,Delphinella_strobiligena
659,Aureobasidium_pullulans
660,Aureobasidium_pullulans
661,Aureobasidium_pullulans
662,Aureobasidium_pullulans
663,Aureobasidium_pullulans
664,Elsinoe_ampelina
665,Myriangium_duriaei
666,Cryomyces_minteri
667,Viridothelium_virens
668,Tuber_magnatum
669,Tuber_aestivum
670,Tuber_indicum
671,Tuber_melanosporum
672,Tuber_brumale
673,Tubbor1
674,Choiromyces_venosus
675,Morchella_snyderi
676,Morchella_importuna
677,Morimp1
678,Tricharina_praecox
679,Sphaerosporella_brunnea
680,Pyronema_confluens
681,Pyronema_domesticum
682,Pyronema_omphalodes
683,Wilcoxina_mikolae
684,Trichophaea_hybrida
685,Geopyxis_carbonaria
686,Ascni1
687,Terbo2
688,Terfezia_claveryi
689,Tirmania_nivea
690,Kalaharituber_pfeilii
691,Peziza_echinospora
692,Ascobolus_immersus
693,Monacrosporium_haptotylum
694,Arthrobotrys_oligospora
695,Drechslerella_stenobrocha
696,Yarrowia_lipolytica
697,Yarrowia_lipolytica
698,Yarrowia_lipolytica
699,Yarrowia_lipolytica
700,Yarrowia_lipolytica
701,Yarrowia_lipolytica
702,Yarrowia_lipolytica
703,Yarrowia_lipolytica
704,Yarrowia_lipolytica
705,Yarrowia_lipolytica_1
706,Yarrowia_lipolytica
707,Nadsonia_fulvescens
708,Blastobotrys_raffinosifermentans
709,Arxula
710,Wickerhamiella_sorbophila
711,Babjeviella_inositovora
712,Candida_dubliniensis
713,Candida_albicans
714,Candida_tropicalis
715,Candida_orthopsilosis
716,Candida_parapsilosis
717,Lodderomyces_elongisporus
718,Spathaspora_passalidarum
719,Scheffersomyces_stipitis
720,Candida_tanzawaensis
721,Debaryomyces_hansenii
722,Debaryomyces_fabryi
723,Debaryomyces_fabryi
724,Meyerozyma_guilliermondii
725,Candida_tenuis
726,Canmem1
727,Hyphopichia_burtonii
728,Metschnikowia_bicuspidata
729,Metschnikowia_fructicola
730,Metschnikowia_bicuspidata
731,Clavispora_lusitaniae
732,Pichia_membranifaciens
733,Pichia_kudriavzevii
734,Saturnispora_dispora
735,Dekkera_bruxellensis
736,Ambrosiozyma_philentoma
737,Ogataea_polymorpha
738,Ogataea_parapolymorpha
739,Candida_arabinofermentans
740,Candida_boidinii
741,Kuraishia_capsulata
742,Citeromyces_matritensis
743,Pichia_pastoris
744,Nakazawaea_wickerhamii
745,Peterozyma_xylosa
746,Pachysolen_tannophilus
747,Nakaseomyces_delphensis
748,Nakaseomyces_bacillisporus
749,Saccharomyces_cerevisiae
750,Saccharomyces_cerevisiae
751,Saccharomyces_cerevisiae
752,Saccharomyces_cerevisiae
753,Saccharomyces_cerevisiae
754,Saccharomyces_cerevisiae
755,Saccharomyces_boulardii
756,Saccharomyces_arboricola
757,Saccharomyces_eubayanus
758,Kazachstania_naganishii
759,Kazachstania_africana
760,Naumovozyma_castellii
761,Naumovozyma_dairenensis
762,Tetrapisispora_phaffii
763,Vanderwaltozyma_polyspora
764,Tetrapisispora_blattae
765,Zygosaccharomyces_rouxii
766,Zygosaccharomyces_rouxii
767,Torulaspora_delbrueckii
768,Lachancea_lanzarotensis
769,Lachancea_sp.
770,Lachancea_meyersii
771,Lachancea_dasiensis
772,Lachancea_nothofagi
773,Lachancea_thermotolerans
774,Lachancea_quebecensis
775,Lachancea_mirantina
776,Lachancea_fermentati
777,Kluyveromyces_marxianus
778,Kluyveromyces_lactis
779,Eremothecium_gossypii
780,Eremothecium_gossypii
781,Saccharomycetaceae_sp
782,Eremothecium_cymbalariae
783,Hanseniaspora_opuntiae
784,Hanseniaspora_guilliermondii
785,Hanseniaspora_uvarum
786,Hanseniaspora_valbyensis
787,Hanseniaspora_osmophila
788,Cyberlindnera_jadinii
789,Cyberlindnera_fabianii
790,Wickerhamomyces_anomalus
791,Ascoidea_rubescens
792,Saccharomycopsis_capsularis
793,Tortispora_caseinolytica
794,Lipomyces_starkeyi
795,Lipomyces_starkeyi
796,Lipomyces_starkeyi
797,Lipomyces_starkeyi
798,Lipomyces_starkeyi
799,Lipomyces_starkeyi
800,Lipomyces_starkeyi
801,Lipomyces_doorenjongii
802,Lipomyces_doorenjongii
803,Lipomyces_doorenjongii
804,Lipomyces_mesembrius
805,Lipomyces_chichibuensis
806,Lipomyces_kononenkoae
807,Lipomyces_kononenkoae
808,Lipomyces_orientalis
809,Lipomyces_tetrasporus
810,Lipomyces_tetrasporus
811,Lipomyces_tetrasporus
812,Lipomyces_tetrasporus
813,Lipomyces_arxii
814,Lipomyces_suomiensis
815,Myxozyma_melibiosi
816,Lipomyces_oligophaga
817,Lipomyces_smithiae
818,Lipomyces_japonicus
819,Dipodascopsis_uninucleata
820,Dipodascopsis_tothii
821,Pneumocystis_jirovecii
822,Pneumocystis_jirovecii
823,Pneumocystis_carinii
824,Pneumocystis_murina
825,Schizosaccharomyces_octosporus
826,Schizosaccharomyces_cryophilus
827,Schizosaccharomyces_pombe
828,Schizosaccharomyces_japonicus
829,Protomyces_lactucaedebilis
830,Taphrina_deformans
831,Saitoella_complicata
832,Neolecta_irregularis
833,Phellinus_noxius
834,Fomitiporia_mediterranea
835,Phellopilus_nigrolimitatus
836,Schizopora_paradoxa
837,Rigidoporus_microporus
838,Rickenella_fibula
839,Ricmel1
840,Fibulorhizoctonia_psychrophila
841,Piloderma_olivaceum
842,Gyrodon_lividus
843,Paxillus_involutus
844,Paxam1
845,Paxillus_adelphus
846,Melanogaster_broomeianus
847,Lanmaoa_asiatica
848,Butyriboletus_roseoflavus
849,Boletus_edulis
850,Boletus_edulis
851,Boletus_reticuloceps
852,Xerba1
853,Chiua_virens
854,Hydnomerulius_pinastri
855,Phlebopus_sp.
856,Pisolithus_microcarpus
857,Pisolithus_albus
858,Pisolithus_thermaeus
859,Pisolithus_croceorrhizus
860,Pisolithus_croceorrhizus
861,Pisolithus_sp.
862,Pisolithus_marmoratus
863,Pisolithus_orientalis
864,Pisolithus_tinctorius
865,Scleroderma_citrinum
866,Suigr1
867,Suillus_placidus
868,Suillus_luteus
869,Suillus_occidentalis
870,Suillus_brevipes
871,Suillus_cf.
872,Suillus_subalutaceus
873,Suillus_americanus
874,Suillus_subaureus
875,Suillus_cothurnatus
876,Suillus_spraguei
877,Suidec1
878,Suillus_plorans
879,Suihi1
880,Suillus_fuscotomentosus
881,Suillus_tomentosus
882,Suillus_variegatus
883,Suillus_discolor
884,Suillus_bovinus
885,Suillus_lakei
886,Suillus_clintonianus
887,Suillus_ampliporus
888,Suillus_paluster
889,Rhizopogon_vinicolor
890,Rhizopogon_vesiculosus
891,Hygrophoropsis_aurantiaca
892,Leucogyrophana_mollusca
893,Coniophora_puteana
894,Coniophora_olivacea
895,Serpula_lacrymans
896,Serpula_lacrymans
897,Serpula_himantioides
898,Plicaturopsis_crispa
899,Rhodocollybia_butyracea
900,Gymnopus_androsaceus
901,Lentinula_edodes
902,Lentinula_edodes
903,Lentinula_edodes
904,Lentinula_edodes
905,Lentinula_novae-zelandiae
906,Gymnopus_luxurians
907,Omphalotus_olearius
908,Dendrothele_bispora
909,Moniliophthora_perniciosa
910,Moniliophthora_roreri
911,Marfi1
912,Armillaria_cepistipes
913,Armga1
914,Armillaria_nabsnona
915,Armillaria_ostoyae
916,Armost1
917,Armillaria_borealis
918,Armillaria_luteobubalina
919,Armillaria_fumosa
920,Armillaria_novae-zelandiae
921,Armillaria_mellea
922,Armillaria_mellea
923,Armillaria_tabescens
924,Guyanagaster_necrorhizus
925,Oudemansiella_mucida
926,Hymenopellis_radicata
927,Cylindrobasidium_torrendii
928,Auriculariopsis_ampla
929,Schizophyllum_commune
930,Schizophyllum_commune
931,Schizophyllum_commune
932,Fistulina_hepatica
933,Favolaschia_claudopus
934,Mycgal1
935,Coprinopsis_sp.
936,Coprinopsis_cinerea
937,Coprinopsis_cinerea
938,Copmar1
939,Copmic2
940,Coprinellus_angulatus
941,Laccaria_amethystina
942,Laccaria_bicolor
943,Pholiota_molesta
944,Pholiota_conissans
945,Hypholoma_sublateritium
946,Pholiota_alnicola
947,Hebeloma_cylindrosporum
948,Psilocybe_cubensis
949,Psilocybe_serbica
950,Agrocybe_pediades
951,Galerina_marginata
952,Gymnopilus_junonius
953,Panaeolus_papilionaceus
954,Crepidotus_variabilis
955,Crassisporium_funariophilum
956,Phlegmacium_glaucopus
957,Crucibulum_laeve
958,Mycocalia_denudata
959,Cyathus_pallidus
960,Cyathus_stercoreus
961,Cyathus_striatus
962,Leucoagaricus_gongylophorus
963,Macrolepiota_fuliginosa
964,Agaricus_bisporus
965,Agaricus_bisporus
966,Amanita_muscaria
967,Amanita_rubescens
968,Amanita_thiersii
969,Plucer1
970,Volvariella_volvacea
971,Termitomyces_sp.
972,Lyophyllum_atratum
973,Hypsizygus_marmoreus
974,Lepista_nuda
975,Tricholoma_matsutake
976,Clitocybe_gibba
977,Pleurotus_ostreatus
978,Pleurotus_ostreatus
979,Pleery1
980,Pterula_gracilis
981,Phanerochaete_carnosa
982,Phanerochaete_chrysosporium
983,Phlebiopsis_gigantea
984,Bjerkandera_adusta
985,Porosterum_spadiceum
986,Hydnopolyporus_fimbriatus
987,Irpex_lacteus
988,Cytidiella_melzeri
989,Trace1
990,Phlebia_brevispora
991,Phlebia_radiata
992,Phlebia_centrifuga
993,Panru1
994,Abortiporus_biennis
995,Antrodia_serialis
996,Rhodofomes_roseus
997,Fomitopsis_schrenkii
998,Fomitopsis_betulina
999,Daedalea_quercina
1000,Laetiporus_sulphureus
1001,Fibroporia_radiculosa
1002,Wolfiporia_cocos
1003,Postia_placenta
1004,Postia_placenta
1005,Amylocystis_lapponica
1006,Obba_rivulosa
1007,Gelatoporia
1008,Pycnoporus_coccineus
1009,Pycnoporus_sanguineus
1010,Pycnoporus_cinnabarinus
1011,Pycnoporus_puniceus
1012,Leiotrametes_lactinea
1013,Leiotrametes_menziesii
1014,Leisp1
1015,Traci1
1016,Trametes_ljubarskyi
1017,Trametes_pubescens
1018,Trametes_versicolor
1019,Trametes_betulina
1020,Trametes_gibbosa
1021,Trametes_polyzona
1022,Trametes_meyenii
1023,Trametes_maxima
1024,Artolenzites_elegans
1025,Polbr1
1026,Polyporus_arcularius
1027,Polyporus_squamosus
1028,Lentinus_tigrinus
1029,Lentinus_tigrinus
1030,Hexagonia_nitida
1031,Fomes_fomentarius
1032,Earliella_scabrosa
1033,Ganoderma_lucidum
1034,Ganoderma_sp.
1035,Ganoderma_boninense
1036,Ganoderma_sinense
1037,Ganoderma_leucocontextum
1038,Dichomitus_squalens
1039,Dichomitus_squalens
1040,Dichomitus_squalens
1041,Dichomitus_squalens
1042,Epithele_typhae
1043,Thega1
1044,Thelephora_terrestris
1045,Russula_rugulosa
1046,Russula_emetica
1047,Russula_ochroleuca
1048,Russula_vinacea
1049,Russula_earlei
1050,Russula_dissimulans
1051,Russula_compacta
1052,Russula_brevipes
1053,Lactifluus_cf.
1054,Lactifluus_cf.
1055,Multifurca_ochricompacta
1056,Lactarius_hengduanensis
1057,Lactarius_pseudohatsudake
1058,Lactarius_hatsudake
1059,Lactarius_deliciosus
1060,Lactarius_akahatsu
1061,Lactarius_sanguifluus
1062,Lactarius_vividus
1063,Lactarius_indigo
1064,Lactarius_psammicola
1065,Lacqui1
1066,Gloeopeniophorella_convolvens
1067,Artomyces_pyxidatus
1068,Auriscalpium_vulgare
1069,Peniophora_sp.
1070,Vararia_minispora
1071,Amylostereum_chailletii
1072,Densp1
1073,Heterobasidion_annosum
1074,Stereum_hirsutum
1075,Neolentinus_lepideus
1076,Helsul1
1077,Gloeophyllum_trabeum
1078,Jaapia_argillacea
1079,Punctularia_strigosozonata
1080,Sistotremastrum_niveocremeum
1081,Sistotremastrum_suecicum
1082,Hysterangium_stoloniferum
1083,Ramaria_rubella
1084,Gautieria_morchelliformis
1085,Sphaerobolus_stellatus
1086,Auricularia_subglabra
1087,Exidia_glandulosa
1088,Oliveonia_pauxilla
1089,Piriformospora_indica
1090,Sebacina_vermifera
1091,Botryobasidium_botryosum
1092,Cantharellus_anzutake
1093,Sistotrema_sp.
1094,Hydru2
1095,Tulasnella_calospora
1096,Rhizoctonia_solani
1097,Rhizoctonia_solani
1098,Rhizoctonia_solani
1099,Thanatephorus_cucumeris
1100,CerAGI
1101,Calocera_cornea
1102,Calocera_viscosa
1103,Dacryopinax_primogenitus
1104,Kockovaella_imperatae
1105,Naematelia_encephela
1106,Tremella_mesenterica
1107,Diohu1
1108,Cryptococcus_gattii
1109,Cryptococcus_gattii
1110,Cryptococcus_gattii
1111,Cryptococcus_gattii
1112,Cryptococcus_neoformans
1113,Cryptococcus_neoformans
1114,Cryptococcus_amylolentus
1115,Cryptococcus_wingfieldii
1116,Trichosporon_asahii
1117,Trichosporon_asahii
1118,Trichosporon_oleaginosus
1119,Crycu1
1120,Naganishia_vishniacii
1121,Filobasidium_floriforme
1122,Cryte1
1123,Wallemia_mellicola
1124,Wallemia_ichthyophaga
1125,Tescy1
1126,Pseudozyma_hubeiensis
1127,Ustilago_maydis
1128,Sporisorium_reilianum
1129,Kalmanozyma_brasiliensis
1130,Ustilago_bromivora
1131,Ustilago_hordei
1132,Moesziomyces_antarcticus
1133,Pseudozyma_antarctica
1134,Moesziomyces_aphidis
1135,Pseudozyma_flocculosa
1136,Ustsp1
1137,Acain1
1138,Meimi1
1139,Cersp1
1140,Ceraceosorus_bombacis
1141,Tilwa1
1142,Jamsp1
1143,Rhodsp1
1144,Tilletia_walkeri
1145,Tilletia_indica
1146,Tilletia_controversa
1147,Tilletia_caries
1148,Tilletiaria_anomala
1149,Malassezia_sympodialis
1150,Malassezia_globosa
1151,Malassezia_pachydermatis
1152,Malassezia_vespertilionis
1153,Puccinia_graminis
1154,Puccinia_graminis
1155,Puccinia_graminis
1156,Puccinia_graminis
1157,Puccinia_graminis
1158,Puccinia_triticina
1159,Puccinia_coronata
1160,Puccinia_coronata
1161,Puccinia_striiformis
1162,Puccinia_striiformis
1163,Puccinia_striiformis
1164,Phakopsora_pachyrhizi
1165,Phakopsora_pachyrhizi
1166,Phakopsora_pachyrhizi
1167,Melampsora_americana
1168,Melampsora_lini
1169,Melampsora_larici-populina
1170,Cronartium_quercuum
1171,Microbotryum_lychnidis-dioicae
1172,Microbotryum_intermedium
1173,Leucosporidiella_creatinivora
1174,Rhodosporidium_toruloides
1175,Rhodosporidium_toruloides
1176,Rhodosporidium_glutinis
1177,Rhodosporidium_toruloides
1178,Rhodosporidium_toruloides
1179,Rhodotorula_sp.
1180,Rhodotorula_sp.
1181,Rhodotorula_taiwanensis
1182,Rhodotorula_graminis
1183,Mixia_osmundae
1184,Cystobasidium_minutum
1185,Olpidium_bornovanus
1186,Entomortierella_chlamydospora
1187,Entomortierella_chlamydospora
1188,Mortierella_sp.
1189,Mortierella_sp.
1190,Mortierella_sp.
1191,Haplosporangium_sp.
1192,Entomortierella_lignicola
1193,Mortierella_sp.
1194,Entomortierella_beljakovae
1195,Lobosporangium_transversale
1196,Lobosporangium_transversale
1197,Mortierella_claussenii
1198,Mortierella_sp.
1199,Mortierella_sp.
1200,Mortierella_sp.
1201,Modicella_reniformis
1202,Mortierella_multidivaricata
1203,Gamsiella_multidivaricata
1204,Mortierella_globulifera
1205,Mortierella_globulifera
1206,Dissophora_ornata
1207,Dissophora_ornata
1208,Mortierella_alpina
1209,Mortierella_antarctica
1210,Mortierella_alpina
1211,Mortierella_alpina
1212,Mortierella_alpina
1213,Mortierella_alpina
1214,Mortierella_sp.
1215,Haplosporangium_sp.
1216,Haplosporangium_sp.
1217,Mortierella_polycephala
1218,Mortierella_sp.
1219,Mortierella_hygrophila
1220,Linnemannia_camargensis
1221,Linnemannia_schmuckeri
1222,Linnemannia_elongata
1223,Linnemannia_elongata
1224,Linnemannia_elongata
1225,Linnemannia_elongata
1226,Mortierella_elongata
1227,Mortierella_elongata
1228,Mortierella_elongata
1229,Linnemannia_gamsii
1230,Linnemannia_gamsii
1231,Linnemannia_exigua
1232,Mortierella_sp.
1233,Mortierella_sp.
1234,Linnemannia_zychae
1235,Mortierella_sp.
1236,Mortierella_sp.
1237,Mortierella_sp.
1238,Linnemannia_zychae
1239,Podila_minutissima
1240,Podila_minutissima
1241,Mortierella_sp.
1242,Podila_epicladia
1243,Podila_epicladia
1244,Podila_horticola
1245,Podila_horticola
1246,Podila_clonocystis
1247,Podila_clonocystis
1248,Haplosporangium_bisporale
1249,Podila_verticillata
1250,Podila_verticillata
1251,Morhum1
1252,Podila_verticillata
1253,Podila_humilis
1254,Podila_epigama
1255,Gryganskiella_cystojenkinii
1256,Actinomortierella_ambigua
1257,Actinomortierella_ambigua
1258,Actinomortierella_wolfii
1259,Rhiir2_1
1260,RhiirB3
1261,Rhizophagus_irregularis
1262,RhiirA1_1
1263,Rhizophagus_irregularis
1264,RhiirC2
1265,Rhizophagus_irregularis
1266,Rhizophagus_diaphanus
1267,Rhizophagus_clarus
1268,Rhizophagus_cerebriforme
1269,Gigaspora_margarita
1270,Gigaspora_rosea
1271,Geosiphon_pyriformis
1272,Mucor_circinelloides
1273,Mucor_ambiguus
1274,Mucor_lusitanicus
1275,Mucor_racemosus
1276,Parasitella_parasitica
1277,Mucor_fuscus
1278,Mucor_lanceolatus
1279,Helicostylum_pulchrum
1280,Thamnidium_elegans
1281,Pilaira_anomala
1282,Mucor_mucedo
1283,Mucor_endophyticus
1284,Choanephora_cucurbitarum
1285,Blakeslea_trispora
1286,Gilbertella_persicaria
1287,Benjaminiella_poitrasii
1288,Cokeromyces_recurvatus
1289,Mycotypha_africana
1290,Amylomyces_rouxii
1291,Rhizopus_delemar
1292,Sporodiniella_umbellata
1293,Rhizopus_microsporus
1294,Rhizopus_microsporus
1295,Rhizopus_microsporus
1296,Pilobolus_umbonatus
1297,Backusella_circina
1298,Absidia_repens
1299,Absidia_padenii
1300,Halteromyces_radiatus
1301,Cunninghamella_echinulata
1302,Gongronella_butleri
1303,Hesseltinella_vesiculosa
1304,Phycomyces_blakesleeanus
1305,Phycomyces_nitens
1306,Spinellus_fusiger
1307,Saksenaea_vasiformis
1308,Radiomyces_spectabilis
1309,Syncephalastrum_racemosum
1310,Phascolomyces_articulosus
1311,Circinella_umbellata
1312,Zychaea_mexicana
1313,Fennellomyces_sp.
1314,Lichtheimia_hyalospora
1315,Lichtheimia_ramosa
1316,Lichtheimia_corymbifera
1317,Dichotomocladium_elegans
1318,Umbra1
1319,Umbelopsis_sp.
1320,Bifiguratus_adelaidae
1321,Jimgerdemannia_flammicorona
1322,Jimgerdemannia_flammicorona
1323,Jimgerdemannia_lactiflua
1324,Endogone_sp
1325,Coemansia_reversa
1326,Coemansia_mojavensis
1327,Coemansia_spiralis
1328,Kickxella_alabastrina
1329,Martensiomyces_pterosporus
1330,Linderina_pennispora
1331,Pinnaticoemansia_coranantispora
1332,Smittium_culicis
1333,Smittium_culicis
1334,Smittium_mucronatum
1335,Zancudomyces_culisetae
1336,Ramicandelaber_brevisporus
1337,Dimargaris_cristalligena
1338,Conidiobolus_thromboides
1339,Zoophthora_radicans
1340,Conidiobolus_coronatus
1341,Syncephalis_plumigaleata
1342,Synps1
1343,Syncephalis_fuscata
1344,Thasp1
1345,Piptocephalis_tieghemiana
1346,Piptocephalis_cylindrospora
1347,Basidiobolus_meristosporus
1348,Paraphysoderma_sedebokerense
1349,Blastocladiella_britannica
1350,Catenaria_anguillulae
1351,Allomyces_macrogynus
1352,Pecoramyces_sp.
1353,Piromyces_finnis
1354,Piromyces_sp.
1355,Caecomyces_churrovis
1356,Anaeromyces_robustus
1357,Neocallimastix_californiae
1358,Neocallimastix_lanati
1359,Orpinomyces_sp.
1360,Gonapodya_prolifera
1361,Hyaloraphidium_curvatum
1362,Geranomyces_variabilis
1363,Powellomyces_hirtus
1364,Fimicolochytrium_jonesii
1365,Spizellomyces_punctatus
1366,Triparticalcar_arcticum
1367,Gaertneriomyces_semiglobifer
1368,Blyttiomyces_helicus
1369,Globomyces_pollinis-pini
1370,Gorgonomyces_haynaldii
1371,Homolaphlyctis_polyrhiza
1372,Batrachochytrium_salamandrivorans
1373,Entophlyctis_helioformis
1374,Cladochytrium_polystomum
1375,Rhihy1
1376,Obelidium_mucronatum
1377,Chytriomyces_hyalinus
1378,Chytriomyces_sp.
1379,Chytridium_lagenaria
1380,Polychytrium_aggregatum
1381,Cladochytrium_replicatum
1382,Caulochytrium_protostelioides
1383,Caulochytrium_protostelioides
1384,Encephalitozoon_romaleae
1385,Encephalitozoon_hellem
1386,Encephalitozoon_intestinalis
1387,Encephalitozoon_cuniculi
1388,Ordospora_colligata
1389,MicG_I_3
1390,Nosema_apis
1391,Nosema_ceranae
1392,Nosema_bombycis
1393,Enterocytozoon_bieneusi
1394,Enterospora_canceri
1395,Enterocytozoon_hepatopenaei
1396,Hepatospora_eriocheir
1397,Vittaforma_corneae
1398,Antonospora_locustae
1399,Trachipleistophora_hominis
1400,Vavraia_culicis
1401,Pseudoloma_neurophilia
1402,Spraguea_lophii
1403,Edhazardia_aedis
1404,Nematocida_parisii
1405,Nematocida_displodere
1406,Amphiamblys_sp.
1407,Mitosporidium_daphniae
1408,Paramicrosporidium_saccamoebae
1409,Rozella_allomycis
1410,Rozella_allomycis
